Suppliercat1,Suppliercat2,Suppliercat3
3,17.12054636,4.307270352
3,38.11101424,3.631333042
4,21.59514116,1.085882737
3,91.49363666,0.382703091
8,74.32141011,5.229426225
7,42.10168257,2.501598204
2,14.67768313,6.163058315
6,47.27970239,9.885470316
9,50.5990561,0.003512484
15,123,31
